{
  "version": "1.0.0",
  "lastUpdated": "2025-12-08T00:00:00Z",
  "changelog": [
    {
      "version": "1.0.0",
      "date": "2025-12-08",
      "changes": [
        "Initial release with core termUI framework",
        "Added TermUIButtonLibrary for dynamic button creation",
        "Added TermUIFunctionLibrary for attaching executable code to buttons",
        "Capture mode for external program integration",
        "Support for 11 programming languages",
        "Comprehensive logging system with rotation",
        "Menu descriptions via .opt file content",
        "Auto-select and timeout features"
      ]
    }
  ],
  "compatibility": {
    "minPowerShellVersion": "5.0",
    "targetPlatform": "Windows"
  }
}
